,barrios_hecho,conducta,quantity
0,12 DE OCTUBRE,DELITOS SEXUALES O PROSTITUCION,10
1,12 DE OCTUBRE,HURTO,76
2,12 DE OCTUBRE,LESIONES CULPOSAS ( EN ACCIDENTE DE TRANSITO ),14
3,12 DE OCTUBRE,LESIONES PERSONALES,76
4,12 DE OCTUBRE,OTROS,9
5,12 DE OCTUBRE,VIOLENCIA INTRAFAMILIAR,85
6,13 DE JUNIO,DELITOS SEXUALES O PROSTITUCION,1
7,13 DE JUNIO,HURTO,17
8,13 DE JUNIO,LESIONES CULPOSAS ( EN ACCIDENTE DE TRANSITO ),5
9,13 DE JUNIO,LESIONES PERSONALES,3
10,13 DE JUNIO,OTROS,2
11,13 DE JUNIO,VIOLENCIA INTRAFAMILIAR,6
12,23 DE JUNIO,DELITOS SEXUALES O PROSTITUCION,5
13,23 DE JUNIO,HURTO,26
14,23 DE JUNIO,LESIONES CULPOSAS ( EN ACCIDENTE DE TRANSITO ),2
15,23 DE JUNIO,LESIONES PERSONALES,22
16,23 DE JUNIO,OTROS,3
17,23 DE JUNIO,VIOLENCIA INTRAFAMILIAR,30
18,5 DE ENERO,DELITOS SEXUALES O PROSTITUCION,1
19,5 DE ENERO,HURTO,2
20,5 DE ENERO,LESIONES CULPOSAS ( EN ACCIDENTE DE TRANSITO ),1
21,5 DE ENERO,LESIONES PERSONALES,7
22,5 DE ENERO,OTROS,2
23,5 DE ENERO,VIOLENCIA INTRAFAMILIAR,2
24,ALARCON,DELITOS SEXUALES O PROSTITUCION,69
25,ALARCON,HURTO,1046
26,ALARCON,LESIONES CULPOSAS ( EN ACCIDENTE DE TRANSITO ),382
27,ALARCON,LESIONES PERSONALES,339
28,ALARCON,OTROS,53
29,ALARCON,VIOLENCIA INTRAFAMILIAR,183
30,ALTOS DEL KENNEDY,DELITOS SEXUALES O PROSTITUCION,6
31,ALTOS DEL KENNEDY,HURTO,28
32,ALTOS DEL KENNEDY,LESIONES CULPOSAS ( EN ACCIDENTE DE TRANSITO ),2
33,ALTOS DEL KENNEDY,LESIONES PERSONALES,15
34,ALTOS DEL KENNEDY,OTROS,2
35,ALTOS DEL KENNEDY,VIOLENCIA INTRAFAMILIAR,13
36,ALTOS DEL PROGRESO,DELITOS SEXUALES O PROSTITUCION,3
37,ALTOS DEL PROGRESO,HURTO,51
38,ALTOS DEL PROGRESO,LESIONES CULPOSAS ( EN ACCIDENTE DE TRANSITO ),24
39,ALTOS DEL PROGRESO,LESIONES PERSONALES,28
40,ALTOS DEL PROGRESO,OTROS,6
41,ALTOS DEL PROGRESO,VIOLENCIA INTRAFAMILIAR,48
42,BALCONES DEL KENNEDY,DELITOS SEXUALES O PROSTITUCION,2
43,BALCONES DEL KENNEDY,HURTO,18
44,BALCONES DEL KENNEDY,LESIONES CULPOSAS ( EN ACCIDENTE DE TRANSITO ),1
45,BALCONES DEL KENNEDY,LESIONES PERSONALES,13
46,BALCONES DEL KENNEDY,OTROS,1
47,BALCONES DEL KENNEDY,VIOLENCIA INTRAFAMILIAR,20
48,BARRIO NUEVO,HURTO,5
49,BARRIO NUEVO,LESIONES PERSONALES,2
50,BETANIA,DELITOS SEXUALES O PROSTITUCION,24
51,BETANIA,HURTO,220
52,BETANIA,LESIONES CULPOSAS ( EN ACCIDENTE DE TRANSITO ),44
53,BETANIA,LESIONES PERSONALES,209
54,BETANIA,OTROS,31
55,BETANIA,VIOLENCIA INTRAFAMILIAR,146
56,BOSQUE NORTE,DELITOS SEXUALES O PROSTITUCION,12
57,BOSQUE NORTE,HURTO,74
58,BOSQUE NORTE,LESIONES CULPOSAS ( EN ACCIDENTE DE TRANSITO ),23
59,BOSQUE NORTE,LESIONES PERSONALES,92
60,BOSQUE NORTE,OTROS,11
61,BOSQUE NORTE,VIOLENCIA INTRAFAMILIAR,46
62,BUENOS AIRES,DELITOS SEXUALES O PROSTITUCION,39
63,BUENOS AIRES,HURTO,195
64,BUENOS AIRES,LESIONES CULPOSAS ( EN ACCIDENTE DE TRANSITO ),31
65,BUENOS AIRES,LESIONES PERSONALES,171
66,BUENOS AIRES,OTROS,25
67,BUENOS AIRES,VIOLENCIA INTRAFAMILIAR,127
68,CAFE MADRID,DELITOS SEXUALES O PROSTITUCION,137
69,CAFE MADRID,HURTO,661
70,CAFE MADRID,LESIONES CULPOSAS ( EN ACCIDENTE DE TRANSITO ),304
71,CAFE MADRID,LESIONES PERSONALES,550
72,CAFE MADRID,OTROS,87
73,CAFE MADRID,VIOLENCIA INTRAFAMILIAR,477
74,CAMILO TORRES,DELITOS SEXUALES O PROSTITUCION,13
75,CAMILO TORRES,HURTO,46
76,CAMILO TORRES,LESIONES PERSONALES,62
77,CAMILO TORRES,OTROS,3
78,CAMILO TORRES,VIOLENCIA INTRAFAMILIAR,45
79,CAMPO MADRID,DELITOS SEXUALES O PROSTITUCION,10
80,CAMPO MADRID,HURTO,68
81,CAMPO MADRID,LESIONES CULPOSAS ( EN ACCIDENTE DE TRANSITO ),3
82,CAMPO MADRID,LESIONES PERSONALES,58
83,CAMPO MADRID,OTROS,8
84,CAMPO MADRID,VIOLENCIA INTRAFAMILIAR,76
85,CARLOS PIZARRO,LESIONES CULPOSAS ( EN ACCIDENTE DE TRANSITO ),2
86,CARLOS PIZARRO,LESIONES PERSONALES,1
87,CARLOS PIZARRO,VIOLENCIA INTRAFAMILIAR,2
88,CHAPINERO,DELITOS SEXUALES O PROSTITUCION,8
89,CHAPINERO,HURTO,192
90,CHAPINERO,LESIONES CULPOSAS ( EN ACCIDENTE DE TRANSITO ),207
91,CHAPINERO,LESIONES PERSONALES,145
92,CHAPINERO,OTROS,22
93,CHAPINERO,VIOLENCIA INTRAFAMILIAR,70
94,CLAVERIANO,DELITOS SEXUALES O PROSTITUCION,13
95,CLAVERIANO,HURTO,74
96,CLAVERIANO,LESIONES CULPOSAS ( EN ACCIDENTE DE TRANSITO ),32
97,CLAVERIANO,LESIONES PERSONALES,95
98,CLAVERIANO,OTROS,15
99,CLAVERIANO,VIOLENCIA INTRAFAMILIAR,77
100,COLORADOS,DELITOS SEXUALES O PROSTITUCION,89
101,COLORADOS,HURTO,335
102,COLORADOS,LESIONES CULPOSAS ( EN ACCIDENTE DE TRANSITO ),115
103,COLORADOS,LESIONES PERSONALES,315
104,COLORADOS,OTROS,37
105,COLORADOS,VIOLENCIA INTRAFAMILIAR,329
106,COMUNEROS,DELITOS SEXUALES O PROSTITUCION,76
107,COMUNEROS,HURTO,1036
108,COMUNEROS,LESIONES CULPOSAS ( EN ACCIDENTE DE TRANSITO ),455
109,COMUNEROS,LESIONES PERSONALES,338
110,COMUNEROS,OTROS,53
111,COMUNEROS,VIOLENCIA INTRAFAMILIAR,277
112,DIVINO NIÑO,DELITOS SEXUALES O PROSTITUCION,2
113,DIVINO NIÑO,HURTO,20
114,DIVINO NIÑO,LESIONES CULPOSAS ( EN ACCIDENTE DE TRANSITO ),6
115,DIVINO NIÑO,LESIONES PERSONALES,18
116,DIVINO NIÑO,OTROS,1
117,DIVINO NIÑO,VIOLENCIA INTRAFAMILIAR,9
118,DON BOSCO,DELITOS SEXUALES O PROSTITUCION,11
119,DON BOSCO,HURTO,26
120,DON BOSCO,LESIONES CULPOSAS ( EN ACCIDENTE DE TRANSITO ),1
121,DON BOSCO,LESIONES PERSONALES,45
122,DON BOSCO,OTROS,2
123,DON BOSCO,VIOLENCIA INTRAFAMILIAR,45
124,EL CINAL,DELITOS SEXUALES O PROSTITUCION,4
125,EL CINAL,HURTO,15
126,EL CINAL,LESIONES CULPOSAS ( EN ACCIDENTE DE TRANSITO ),4
127,EL CINAL,LESIONES PERSONALES,30
128,EL CINAL,OTROS,4
129,EL CINAL,VIOLENCIA INTRAFAMILIAR,16
130,EL PABLÓN,DELITOS SEXUALES O PROSTITUCION,22
131,EL PABLÓN,HURTO,57
132,EL PABLÓN,LESIONES CULPOSAS ( EN ACCIDENTE DE TRANSITO ),6
133,EL PABLÓN,LESIONES PERSONALES,96
134,EL PABLÓN,OTROS,9
135,EL PABLÓN,VIOLENCIA INTRAFAMILIAR,85
136,EL ROSAL,DELITOS SEXUALES O PROSTITUCION,6
137,EL ROSAL,HURTO,26
138,EL ROSAL,LESIONES CULPOSAS ( EN ACCIDENTE DE TRANSITO ),2
139,EL ROSAL,LESIONES PERSONALES,12
140,EL ROSAL,OTROS,3
141,EL ROSAL,VIOLENCIA INTRAFAMILIAR,14
142,ESTORAQUES,HURTO,1
143,ESTORAQUES,OTROS,2
144,ESTORAQUES,VIOLENCIA INTRAFAMILIAR,6
145,GAITAN,DELITOS SEXUALES O PROSTITUCION,44
146,GAITAN,HURTO,690
147,GAITAN,LESIONES CULPOSAS ( EN ACCIDENTE DE TRANSITO ),188
148,GAITAN,LESIONES PERSONALES,313
149,GAITAN,OTROS,45
150,GAITAN,VIOLENCIA INTRAFAMILIAR,275
151,GALLINERAL,DELITOS SEXUALES O PROSTITUCION,1
152,GALLINERAL,LESIONES CULPOSAS ( EN ACCIDENTE DE TRANSITO ),1
153,GALLINERAL,LESIONES PERSONALES,2
154,GALLINERAL,VIOLENCIA INTRAFAMILIAR,4
155,GIRARDOT,DELITOS SEXUALES O PROSTITUCION,94
156,GIRARDOT,HURTO,1116
157,GIRARDOT,LESIONES CULPOSAS ( EN ACCIDENTE DE TRANSITO ),267
158,GIRARDOT,LESIONES PERSONALES,620
159,GIRARDOT,OTROS,51
160,GIRARDOT,VIOLENCIA INTRAFAMILIAR,460
161,GRANADA,DELITOS SEXUALES O PROSTITUCION,9
162,GRANADA,HURTO,501
163,GRANADA,LESIONES CULPOSAS ( EN ACCIDENTE DE TRANSITO ),173
164,GRANADA,LESIONES PERSONALES,179
165,GRANADA,OTROS,34
166,GRANADA,VIOLENCIA INTRAFAMILIAR,32
167,JOSE ANTONIO GALAN,DELITOS SEXUALES O PROSTITUCION,20
168,JOSE ANTONIO GALAN,HURTO,52
169,JOSE ANTONIO GALAN,LESIONES CULPOSAS ( EN ACCIDENTE DE TRANSITO ),29
170,JOSE ANTONIO GALAN,LESIONES PERSONALES,89
171,JOSE ANTONIO GALAN,OTROS,7
172,JOSE ANTONIO GALAN,VIOLENCIA INTRAFAMILIAR,52
173,JOSE MARIA CORDOBA,DELITOS SEXUALES O PROSTITUCION,17
174,JOSE MARIA CORDOBA,HURTO,44
175,JOSE MARIA CORDOBA,LESIONES CULPOSAS ( EN ACCIDENTE DE TRANSITO ),2
176,JOSE MARIA CORDOBA,LESIONES PERSONALES,64
177,JOSE MARIA CORDOBA,OTROS,10
178,JOSE MARIA CORDOBA,VIOLENCIA INTRAFAMILIAR,48
179,KENNEDY,DELITOS SEXUALES O PROSTITUCION,48
180,KENNEDY,HURTO,546
181,KENNEDY,LESIONES CULPOSAS ( EN ACCIDENTE DE TRANSITO ),273
182,KENNEDY,LESIONES PERSONALES,303
183,KENNEDY,OTROS,42
184,KENNEDY,VIOLENCIA INTRAFAMILIAR,210
185,LA ESPERANZA I,DELITOS SEXUALES O PROSTITUCION,15
186,LA ESPERANZA I,HURTO,75
187,LA ESPERANZA I,LESIONES CULPOSAS ( EN ACCIDENTE DE TRANSITO ),38
188,LA ESPERANZA I,LESIONES PERSONALES,105
189,LA ESPERANZA I,OTROS,10
190,LA ESPERANZA I,VIOLENCIA INTRAFAMILIAR,101
191,LA ESPERANZA II,DELITOS SEXUALES O PROSTITUCION,16
192,LA ESPERANZA II,HURTO,101
193,LA ESPERANZA II,LESIONES CULPOSAS ( EN ACCIDENTE DE TRANSITO ),19
194,LA ESPERANZA II,LESIONES PERSONALES,124
195,LA ESPERANZA II,OTROS,17
196,LA ESPERANZA II,VIOLENCIA INTRAFAMILIAR,99
197,LA ESPERANZA III,DELITOS SEXUALES O PROSTITUCION,19
198,LA ESPERANZA III,HURTO,64
199,LA ESPERANZA III,LESIONES CULPOSAS ( EN ACCIDENTE DE TRANSITO ),10
200,LA ESPERANZA III,LESIONES PERSONALES,71
201,LA ESPERANZA III,OTROS,8
202,LA ESPERANZA III,VIOLENCIA INTRAFAMILIAR,53
203,LA FERIA,DELITOS SEXUALES O PROSTITUCION,20
204,LA FERIA,HURTO,147
205,LA FERIA,LESIONES CULPOSAS ( EN ACCIDENTE DE TRANSITO ),35
206,LA FERIA,LESIONES PERSONALES,163
207,LA FERIA,OTROS,6
208,LA FERIA,VIOLENCIA INTRAFAMILIAR,118
209,LA GLORIA,DELITOS SEXUALES O PROSTITUCION,4
210,LA GLORIA,HURTO,18
211,LA GLORIA,LESIONES CULPOSAS ( EN ACCIDENTE DE TRANSITO ),3
212,LA GLORIA,LESIONES PERSONALES,34
213,LA GLORIA,OTROS,6
214,LA GLORIA,VIOLENCIA INTRAFAMILIAR,34
215,LA INDEPENDENCIA,DELITOS SEXUALES O PROSTITUCION,32
216,LA INDEPENDENCIA,HURTO,181
217,LA INDEPENDENCIA,LESIONES CULPOSAS ( EN ACCIDENTE DE TRANSITO ),52
218,LA INDEPENDENCIA,LESIONES PERSONALES,139
219,LA INDEPENDENCIA,OTROS,26
220,LA INDEPENDENCIA,VIOLENCIA INTRAFAMILIAR,162
221,LA INMACULADA,DELITOS SEXUALES O PROSTITUCION,11
222,LA INMACULADA,HURTO,129
223,LA INMACULADA,LESIONES CULPOSAS ( EN ACCIDENTE DE TRANSITO ),26
224,LA INMACULADA,LESIONES PERSONALES,123
225,LA INMACULADA,OTROS,15
226,LA INMACULADA,VIOLENCIA INTRAFAMILIAR,69
227,LA JUVENTUD,DELITOS SEXUALES O PROSTITUCION,22
228,LA JUVENTUD,HURTO,172
229,LA JUVENTUD,LESIONES CULPOSAS ( EN ACCIDENTE DE TRANSITO ),72
230,LA JUVENTUD,LESIONES PERSONALES,116
231,LA JUVENTUD,OTROS,23
232,LA JUVENTUD,VIOLENCIA INTRAFAMILIAR,79
233,LA UNIVERSIDAD,DELITOS SEXUALES O PROSTITUCION,33
234,LA UNIVERSIDAD,HURTO,1426
235,LA UNIVERSIDAD,LESIONES CULPOSAS ( EN ACCIDENTE DE TRANSITO ),215
236,LA UNIVERSIDAD,LESIONES PERSONALES,248
237,LA UNIVERSIDAD,OTROS,14
238,LA UNIVERSIDAD,VIOLENCIA INTRAFAMILIAR,93
239,LAS HAMACAS,DELITOS SEXUALES O PROSTITUCION,8
240,LAS HAMACAS,HURTO,39
241,LAS HAMACAS,LESIONES CULPOSAS ( EN ACCIDENTE DE TRANSITO ),11
242,LAS HAMACAS,LESIONES PERSONALES,32
243,LAS HAMACAS,OTROS,4
244,LAS HAMACAS,VIOLENCIA INTRAFAMILIAR,31
245,LIZCANO I,DELITOS SEXUALES O PROSTITUCION,4
246,LIZCANO I,HURTO,10
247,LIZCANO I,LESIONES CULPOSAS ( EN ACCIDENTE DE TRANSITO ),1
248,LIZCANO I,LESIONES PERSONALES,10
249,LIZCANO I,OTROS,2
250,LIZCANO I,VIOLENCIA INTRAFAMILIAR,17
251,LIZCANO II,DELITOS SEXUALES O PROSTITUCION,1
252,LIZCANO II,HURTO,18
253,LIZCANO II,LESIONES CULPOSAS ( EN ACCIDENTE DE TRANSITO ),1
254,LIZCANO II,LESIONES PERSONALES,8
255,LIZCANO II,VIOLENCIA INTRAFAMILIAR,15
256,LOS ANGELES,DELITOS SEXUALES O PROSTITUCION,12
257,LOS ANGELES,HURTO,92
258,LOS ANGELES,LESIONES CULPOSAS ( EN ACCIDENTE DE TRANSITO ),44
259,LOS ANGELES,LESIONES PERSONALES,62
260,LOS ANGELES,OTROS,6
261,LOS ANGELES,VIOLENCIA INTRAFAMILIAR,48
262,MARIA PAZ,DELITOS SEXUALES O PROSTITUCION,35
263,MARIA PAZ,HURTO,127
264,MARIA PAZ,LESIONES CULPOSAS ( EN ACCIDENTE DE TRANSITO ),27
265,MARIA PAZ,LESIONES PERSONALES,160
266,MARIA PAZ,OTROS,16
267,MARIA PAZ,VIOLENCIA INTRAFAMILIAR,136
268,MESETAS DEL SANTUARIO,HURTO,1
269,MINUTO DE DIOS,DELITOS SEXUALES O PROSTITUCION,17
270,MINUTO DE DIOS,HURTO,107
271,MINUTO DE DIOS,LESIONES CULPOSAS ( EN ACCIDENTE DE TRANSITO ),20
272,MINUTO DE DIOS,LESIONES PERSONALES,47
273,MINUTO DE DIOS,OTROS,2
274,MINUTO DE DIOS,VIOLENCIA INTRAFAMILIAR,32
275,MIRADOR,DELITOS SEXUALES O PROSTITUCION,1
276,MIRADOR,HURTO,5
277,MIRADOR,LESIONES PERSONALES,3
278,MIRADOR,OTROS,2
279,MIRADOR,VIOLENCIA INTRAFAMILIAR,1
280,MIRADOR DEL KENNEDY,DELITOS SEXUALES O PROSTITUCION,1
281,MIRADOR DEL KENNEDY,HURTO,9
282,MIRADOR DEL KENNEDY,LESIONES CULPOSAS ( EN ACCIDENTE DE TRANSITO ),2
283,MIRADOR DEL KENNEDY,LESIONES PERSONALES,10
284,MIRADOR DEL KENNEDY,VIOLENCIA INTRAFAMILIAR,21
285,MIRAFLORES,DELITOS SEXUALES O PROSTITUCION,31
286,MIRAFLORES,HURTO,197
287,MIRAFLORES,LESIONES CULPOSAS ( EN ACCIDENTE DE TRANSITO ),34
288,MIRAFLORES,LESIONES PERSONALES,177
289,MIRAFLORES,OTROS,25
290,MIRAFLORES,VIOLENCIA INTRAFAMILIAR,147
291,MIRAMAR,DELITOS SEXUALES O PROSTITUCION,4
292,MIRAMAR,HURTO,39
293,MIRAMAR,LESIONES CULPOSAS ( EN ACCIDENTE DE TRANSITO ),16
294,MIRAMAR,LESIONES PERSONALES,12
295,MIRAMAR,OTROS,2
296,MIRAMAR,VIOLENCIA INTRAFAMILIAR,23
297,MODELO,DELITOS SEXUALES O PROSTITUCION,10
298,MODELO,HURTO,141
299,MODELO,LESIONES CULPOSAS ( EN ACCIDENTE DE TRANSITO ),210
300,MODELO,LESIONES PERSONALES,46
301,MODELO,OTROS,15
302,MODELO,VIOLENCIA INTRAFAMILIAR,26
303,MORRORICO,DELITOS SEXUALES O PROSTITUCION,34
304,MORRORICO,HURTO,292
305,MORRORICO,LESIONES CULPOSAS ( EN ACCIDENTE DE TRANSITO ),134
306,MORRORICO,LESIONES PERSONALES,183
307,MORRORICO,OTROS,33
308,MORRORICO,VIOLENCIA INTRAFAMILIAR,157
309,MUTUALIDAD,DELITOS SEXUALES O PROSTITUCION,10
310,MUTUALIDAD,HURTO,315
311,MUTUALIDAD,LESIONES CULPOSAS ( EN ACCIDENTE DE TRANSITO ),282
312,MUTUALIDAD,LESIONES PERSONALES,117
313,MUTUALIDAD,OTROS,18
314,MUTUALIDAD,VIOLENCIA INTRAFAMILIAR,44
315,NAPOLES,DELITOS SEXUALES O PROSTITUCION,14
316,NAPOLES,HURTO,57
317,NAPOLES,LESIONES CULPOSAS ( EN ACCIDENTE DE TRANSITO ),5
318,NAPOLES,LESIONES PERSONALES,68
319,NAPOLES,OTROS,6
320,NAPOLES,VIOLENCIA INTRAFAMILIAR,60
321,NARIÑO,DELITOS SEXUALES O PROSTITUCION,9
322,NARIÑO,HURTO,99
323,NARIÑO,LESIONES CULPOSAS ( EN ACCIDENTE DE TRANSITO ),19
324,NARIÑO,LESIONES PERSONALES,117
325,NARIÑO,OTROS,14
326,NARIÑO,VIOLENCIA INTRAFAMILIAR,116
327,NAVAS,HURTO,2
328,NORTE BAJO,DELITOS SEXUALES O PROSTITUCION,8
329,NORTE BAJO,HURTO,55
330,NORTE BAJO,LESIONES CULPOSAS ( EN ACCIDENTE DE TRANSITO ),89
331,NORTE BAJO,LESIONES PERSONALES,25
332,NORTE BAJO,OTROS,9
333,NORTE BAJO,VIOLENCIA INTRAFAMILIAR,33
334,OLAS ALTAS,DELITOS SEXUALES O PROSTITUCION,5
335,OLAS ALTAS,HURTO,36
336,OLAS ALTAS,LESIONES CULPOSAS ( EN ACCIDENTE DE TRANSITO ),16
337,OLAS ALTAS,LESIONES PERSONALES,14
338,OLAS ALTAS,OTROS,6
339,OLAS ALTAS,VIOLENCIA INTRAFAMILIAR,8
340,OLAS BAJAS,DELITOS SEXUALES O PROSTITUCION,16
341,OLAS BAJAS,HURTO,62
342,OLAS BAJAS,LESIONES CULPOSAS ( EN ACCIDENTE DE TRANSITO ),56
343,OLAS BAJAS,LESIONES PERSONALES,38
344,OLAS BAJAS,OTROS,7
345,OLAS BAJAS,VIOLENCIA INTRAFAMILIAR,30
346,OLAS II,DELITOS SEXUALES O PROSTITUCION,4
347,OLAS II,HURTO,26
348,OLAS II,LESIONES PERSONALES,14
349,OLAS II,OTROS,4
350,OLAS II,VIOLENCIA INTRAFAMILIAR,5
351,OMAGA I,HURTO,1
352,OMAGA I,LESIONES CULPOSAS ( EN ACCIDENTE DE TRANSITO ),2
353,OMAGA I,LESIONES PERSONALES,8
354,OMAGA I,VIOLENCIA INTRAFAMILIAR,6
355,OMAGA II,HURTO,10
356,OMAGA II,LESIONES PERSONALES,5
357,OMAGA II,OTROS,2
358,OMAGA II,VIOLENCIA INTRAFAMILIAR,15
359,PIO XII,HURTO,33
360,PIO XII,LESIONES CULPOSAS ( EN ACCIDENTE DE TRANSITO ),4
361,PIO XII,LESIONES PERSONALES,18
362,PIO XII,OTROS,9
363,PIO XII,VIOLENCIA INTRAFAMILIAR,23
364,PRIMAVERAL,DELITOS SEXUALES O PROSTITUCION,2
365,PRIMAVERAL,HURTO,3
366,PRIMAVERAL,LESIONES PERSONALES,2
367,PRIMAVERAL,VIOLENCIA INTRAFAMILIAR,2
368,PUERTO RICO,DELITOS SEXUALES O PROSTITUCION,1
369,PUERTO RICO,HURTO,27
370,PUERTO RICO,LESIONES CULPOSAS ( EN ACCIDENTE DE TRANSITO ),4
371,PUERTO RICO,LESIONES PERSONALES,19
372,PUERTO RICO,VIOLENCIA INTRAFAMILIAR,8
373,QUEBRADA LA IGLESIA I,DELITOS SEXUALES O PROSTITUCION,8
374,QUEBRADA LA IGLESIA I,HURTO,53
375,QUEBRADA LA IGLESIA I,LESIONES CULPOSAS ( EN ACCIDENTE DE TRANSITO ),36
376,QUEBRADA LA IGLESIA I,LESIONES PERSONALES,26
377,QUEBRADA LA IGLESIA I,OTROS,4
378,QUEBRADA LA IGLESIA I,VIOLENCIA INTRAFAMILIAR,19
379,REGADERO NORTE,DELITOS SEXUALES O PROSTITUCION,21
380,REGADERO NORTE,HURTO,182
381,REGADERO NORTE,LESIONES CULPOSAS ( EN ACCIDENTE DE TRANSITO ),49
382,REGADERO NORTE,LESIONES PERSONALES,71
383,REGADERO NORTE,OTROS,6
384,REGADERO NORTE,VIOLENCIA INTRAFAMILIAR,71
385,RINCON DE LA PAZ,HURTO,10
386,RINCON DE LA PAZ,LESIONES CULPOSAS ( EN ACCIDENTE DE TRANSITO ),1
387,RINCON DE LA PAZ,LESIONES PERSONALES,28
388,RINCON DE LA PAZ,OTROS,1
389,RINCON DE LA PAZ,VIOLENCIA INTRAFAMILIAR,6
390,SAN CRISTOBAL,DELITOS SEXUALES O PROSTITUCION,13
391,SAN CRISTOBAL,HURTO,82
392,SAN CRISTOBAL,LESIONES CULPOSAS ( EN ACCIDENTE DE TRANSITO ),21
393,SAN CRISTOBAL,LESIONES PERSONALES,68
394,SAN CRISTOBAL,OTROS,19
395,SAN CRISTOBAL,VIOLENCIA INTRAFAMILIAR,69
396,SAN MARTIN,DELITOS SEXUALES O PROSTITUCION,26
397,SAN MARTIN,HURTO,157
398,SAN MARTIN,LESIONES CULPOSAS ( EN ACCIDENTE DE TRANSITO ),150
399,SAN MARTIN,LESIONES PERSONALES,170
400,SAN MARTIN,OTROS,25
401,SAN MARTIN,VIOLENCIA INTRAFAMILIAR,73
402,SAN PEDRO CLAVER,DELITOS SEXUALES O PROSTITUCION,4
403,SAN PEDRO CLAVER,HURTO,16
404,SAN PEDRO CLAVER,LESIONES CULPOSAS ( EN ACCIDENTE DE TRANSITO ),2
405,SAN PEDRO CLAVER,LESIONES PERSONALES,21
406,SAN PEDRO CLAVER,OTROS,2
407,SAN PEDRO CLAVER,VIOLENCIA INTRAFAMILIAR,40
408,SAN RAFAEL,DELITOS SEXUALES O PROSTITUCION,31
409,SAN RAFAEL,HURTO,246
410,SAN RAFAEL,LESIONES CULPOSAS ( EN ACCIDENTE DE TRANSITO ),150
411,SAN RAFAEL,LESIONES PERSONALES,150
412,SAN RAFAEL,OTROS,26
413,SAN RAFAEL,VIOLENCIA INTRAFAMILIAR,137
414,SANTANDER,DELITOS SEXUALES O PROSTITUCION,15
415,SANTANDER,HURTO,153
416,SANTANDER,LESIONES CULPOSAS ( EN ACCIDENTE DE TRANSITO ),48
417,SANTANDER,LESIONES PERSONALES,140
418,SANTANDER,OTROS,11
419,SANTANDER,VIOLENCIA INTRAFAMILIAR,111
420,TEJAR NORTE,DELITOS SEXUALES O PROSTITUCION,8
421,TEJAR NORTE,HURTO,101
422,TEJAR NORTE,LESIONES CULPOSAS ( EN ACCIDENTE DE TRANSITO ),8
423,TEJAR NORTE,LESIONES PERSONALES,58
424,TEJAR NORTE,OTROS,1
425,TEJAR NORTE,VIOLENCIA INTRAFAMILIAR,52
426,TRANSICION,HURTO,2
427,TRANSICION,OTROS,1
428,TRANSICION,VIOLENCIA INTRAFAMILIAR,6
429,TRANSICION I,DELITOS SEXUALES O PROSTITUCION,26
430,TRANSICION I,HURTO,100
431,TRANSICION I,LESIONES CULPOSAS ( EN ACCIDENTE DE TRANSITO ),30
432,TRANSICION I,LESIONES PERSONALES,108
433,TRANSICION I,OTROS,25
434,TRANSICION I,VIOLENCIA INTRAFAMILIAR,137
435,TRANSICION II,DELITOS SEXUALES O PROSTITUCION,9
436,TRANSICION II,HURTO,19
437,TRANSICION II,LESIONES PERSONALES,34
438,TRANSICION II,OTROS,4
439,TRANSICION II,VIOLENCIA INTRAFAMILIAR,29
440,TRANSICION III,DELITOS SEXUALES O PROSTITUCION,6
441,TRANSICION III,HURTO,27
442,TRANSICION III,LESIONES PERSONALES,27
443,TRANSICION III,OTROS,11
444,TRANSICION III,VIOLENCIA INTRAFAMILIAR,30
445,TRANSICION IV,DELITOS SEXUALES O PROSTITUCION,6
446,TRANSICION IV,HURTO,29
447,TRANSICION IV,LESIONES CULPOSAS ( EN ACCIDENTE DE TRANSITO ),4
448,TRANSICION IV,LESIONES PERSONALES,32
449,TRANSICION IV,OTROS,4
450,TRANSICION IV,VIOLENCIA INTRAFAMILIAR,37
451,TRANSICION V,DELITOS SEXUALES O PROSTITUCION,12
452,TRANSICION V,HURTO,57
453,TRANSICION V,LESIONES CULPOSAS ( EN ACCIDENTE DE TRANSITO ),1
454,TRANSICION V,LESIONES PERSONALES,44
455,TRANSICION V,OTROS,7
456,TRANSICION V,VIOLENCIA INTRAFAMILIAR,67
457,VILLA HELENA,HURTO,2
458,VILLA HELENA I,DELITOS SEXUALES O PROSTITUCION,21
459,VILLA HELENA I,HURTO,137
460,VILLA HELENA I,LESIONES CULPOSAS ( EN ACCIDENTE DE TRANSITO ),18
461,VILLA HELENA I,LESIONES PERSONALES,90
462,VILLA HELENA I,OTROS,15
463,VILLA HELENA I,VIOLENCIA INTRAFAMILIAR,103
464,VILLA HELENA II,DELITOS SEXUALES O PROSTITUCION,4
465,VILLA HELENA II,HURTO,14
466,VILLA HELENA II,LESIONES CULPOSAS ( EN ACCIDENTE DE TRANSITO ),2
467,VILLA HELENA II,LESIONES PERSONALES,8
468,VILLA HELENA II,VIOLENCIA INTRAFAMILIAR,10
469,VILLA MARIA I,DELITOS SEXUALES O PROSTITUCION,3
470,VILLA MARIA I,HURTO,23
471,VILLA MARIA I,LESIONES CULPOSAS ( EN ACCIDENTE DE TRANSITO ),2
472,VILLA MARIA I,LESIONES PERSONALES,23
473,VILLA MARIA I,VIOLENCIA INTRAFAMILIAR,27
474,VILLA MARIA III,VIOLENCIA INTRAFAMILIAR,1
475,VILLA MERCEDES,DELITOS SEXUALES O PROSTITUCION,20
476,VILLA MERCEDES,HURTO,141
477,VILLA MERCEDES,LESIONES CULPOSAS ( EN ACCIDENTE DE TRANSITO ),135
478,VILLA MERCEDES,LESIONES PERSONALES,139
479,VILLA MERCEDES,OTROS,23
480,VILLA MERCEDES,VIOLENCIA INTRAFAMILIAR,58
481,VILLA ROSA,DELITOS SEXUALES O PROSTITUCION,36
482,VILLA ROSA,HURTO,440
483,VILLA ROSA,LESIONES CULPOSAS ( EN ACCIDENTE DE TRANSITO ),52
484,VILLA ROSA,LESIONES PERSONALES,286
485,VILLA ROSA,OTROS,40
486,VILLA ROSA,VIOLENCIA INTRAFAMILIAR,279
487,VILLAS DE GIRARDOT,DELITOS SEXUALES O PROSTITUCION,17
488,VILLAS DE GIRARDOT,HURTO,22
489,VILLAS DE GIRARDOT,LESIONES CULPOSAS ( EN ACCIDENTE DE TRANSITO ),1
490,VILLAS DE GIRARDOT,LESIONES PERSONALES,59
491,VILLAS DE GIRARDOT,OTROS,10
492,VILLAS DE GIRARDOT,VIOLENCIA INTRAFAMILIAR,50
493,ZARABANDA,DELITOS SEXUALES O PROSTITUCION,15
494,ZARABANDA,HURTO,54
495,ZARABANDA,LESIONES PERSONALES,62
496,ZARABANDA,OTROS,18
497,ZARABANDA,VIOLENCIA INTRAFAMILIAR,57
